Name,Description,Coordinates,Hotel Class,Link,Ratings,Reviews,Reviews Breakdown
MainStay Suites St. Louis - Airport,N/A,"{'latitude': 38.7411994934082, 'longitude': -90.39871215820312}",N/A,https://www.us.despegar.com/hotels/h-1189718,N/A,N/A,N/A
Entire Home - Guest House 10 minutes to Airport  Hospitals,N/A,"{'latitude': 38.73295974731445, 'longitude': -90.40573120117188}",N/A,N/A,N/A,14,N/A
Historic 2 bedroom house St Charles,N/A,"{'latitude': 38.789791107177734, 'longitude': -90.48081970214844}",N/A,https://www.bluepillow.com/search?p_id=589dfe2a7c00cb10c8dad87d&dest=bkng&cat=House&accomodationids=654caddd3011da1e8b77b25c,N/A,N/A,N/A
Stay on Historic Main!,N/A,"{'latitude': 38.780311584472656, 'longitude': -90.48165893554688}",N/A,N/A,N/A,242,N/A
#5 Tri-Wheel ADA Suite Le Velo Inn,N/A,"{'latitude': 38.793121337890625, 'longitude': -90.47705841064453}",N/A,https://leveloinn.lodgify.com/listing/en/657292,N/A,N/A,N/A
The Historic Bricks on Main,N/A,"{'latitude': 38.78255081176758, 'longitude': -90.4808578491211}",N/A,N/A,N/A,68,N/A
"1830's Luxury Brick Cottage, Cozy Fireplace, right off the Cobblestone Streets!",N/A,"{'latitude': 38.77674102783203, 'longitude': -90.48365020751953}",N/A,N/A,N/A,192,N/A
Adorable 2 Bedroom Home,N/A,"{'latitude': 38.796749114990234, 'longitude': -90.478271484375}",N/A,N/A,N/A,46,N/A
"#7 The Hub. Eclectic, 1 bed 1 ba perfect getaway",N/A,"{'latitude': 38.79311752319336, 'longitude': -90.47720336914062}",N/A,https://leveloinn.lodgify.com/listing/en/657265,N/A,N/A,N/A
Boschert - 4 bedroom - 6 beds w/ finished basement,N/A,"{'latitude': 38.79432678222656, 'longitude': -90.49051666259766}",N/A,https://saintcharles.hospitable.rentals/property/4-bedroom-6-beds-w-finished-basement,N/A,18,N/A
"1870's Luxury Guest Cottage, Historic Downtown St. Charles, Mo.",N/A,"{'latitude': 38.77743148803711, 'longitude': -90.4861068725586}",N/A,N/A,N/A,245,N/A
The cardinal Nest A cozy Cottage on main st,N/A,"{'latitude': 38.77286911010742, 'longitude': -90.48600006103516}",N/A,N/A,N/A,37,N/A
Pet-Friendly Home - 3 Mi to St Louis Airport,N/A,"{'latitude': 38.72795104980469, 'longitude': -90.39627075195312}",N/A,N/A,N/A,N/A,N/A
"Duplex Hideaway in St. Charles, MO",N/A,"{'latitude': 38.77267837524414, 'longitude': -90.48484802246094}",N/A,https://www.bluepillow.com/search?p_id=589dfe237c00cb10c8dad800&dest=bpvr&cat=Apartment&accomodationids=65cc60e1d1633aac917e58ce,N/A,N/A,N/A
Family-Friendly 2BR Cottage Near Creve Coeur Lake,N/A,"{'latitude': 38.72603988647461, 'longitude': -90.42711639404297}",N/A,N/A,N/A,1,N/A
Peaceful little house in the heart of Maryland Heights,N/A,"{'latitude': 38.720306396484375, 'longitude': -90.42477416992188}",N/A,https://www.vrbo.com/4247512?MDPCID=VRBO-META.HPA.WEB-ORGANIC.VR,N/A,N/A,N/A
Duplex Hideaway in Saint Charles MO,N/A,"{'latitude': 38.77286148071289, 'longitude': -90.48590087890625}",N/A,N/A,N/A,2,N/A
Relaxing South Main Apartment with Modern Comforts,N/A,"{'latitude': 38.77833557128906, 'longitude': -90.4830322265625}",N/A,https://whimstay.com/detail/Relaxing-South-Main-Apartment-with-Modern-Comforts/334167?isgoogle=true,N/A,N/A,N/A
